"trial_id","pgroup","trialtype","node3","n","prop","ig","baseline","ns_kappa_full","ns_product_full","ns_average_full","ns_necessity_full","ns_sufficiency_full","ns_kappa_noAct","ns_product_noAct","ns_average_noAct","ns_necessity_noAct","ns_sufficiency_noAct","Actual_ns","A","B","E","Include","Observed","Known"
"1_c1","1","c1","A=0",18,0.253521126760563,0,0.125,0.9,0,0.5,0,1,0.9,0,0.5,0,1,TRUE,0,0,0,TRUE,TRUE,TRUE
"1_c1","1","c1","A=1",0,0,0,0.125,-Inf,-Inf,-Inf,-Inf,-Inf,-Inf,-Inf,-Inf,-Inf,-Inf,FALSE,0,0,0,FALSE,TRUE,FALSE
"1_c1","1","c1","Au=0",1,0.0140845070422535,0,0.125,0.5,0,0.5,0,1,0.5,0,0.5,0,1,TRUE,0,0,0,TRUE,FALSE,FALSE
"1_c1","1","c1","Au=1",3,0.0422535211267606,0,0.125,-Inf,-Inf,-Inf,-Inf,-Inf,0,0,0,0,0,FALSE,0,0,0,TRUE,FALSE,FALSE
"1_c1","1","c1","B=0",38,0.535211267605634,0,0.125,0.2,0,0.5,0,1,0.2,0,0.5,0,1,TRUE,0,0,0,TRUE,TRUE,TRUE
"1_c1","1","c1","B=1",2,0.028169014084507,0,0.125,-Inf,-Inf,-Inf,-Inf,-Inf,-Inf,-Inf,-Inf,-Inf,-Inf,FALSE,0,0,0,FALSE,TRUE,FALSE
"1_c1","1","c1","Bu=0",5,0.0704225352112676,0,0.125,0.5,0,0.5,0,1,0.5,0,0.5,0,1,TRUE,0,0,0,TRUE,FALSE,FALSE
"1_c1","1","c1","Bu=1",4,0.0563380281690141,0,0.125,-Inf,-Inf,-Inf,-Inf,-Inf,0,0,0,0,0,FALSE,0,0,0,TRUE,FALSE,FALSE
"1_c2","1","c2","A=0",36,0.580645161290323,0,0.125,0.925,0.25,0.625,0.25,1,0.925,0.25,0.625,0.25,1,TRUE,0,1,0,TRUE,TRUE,TRUE
"1_c2","1","c2","A=1",1,0.0161290322580645,0,0.125,-Inf,-Inf,-Inf,-Inf,-Inf,-Inf,-Inf,-Inf,-Inf,-Inf,FALSE,0,1,0,FALSE,TRUE,FALSE
"1_c2","1","c2","Au=0",2,0.032258064516129,0,0.125,0.5,0,0.5,0,1,0.5,0,0.5,0,1,TRUE,0,1,0,TRUE,FALSE,FALSE
"1_c2","1","c2","Au=1",1,0.0161290322580645,0,0.125,-Inf,-Inf,-Inf,-Inf,-Inf,0,0,0,0,0,FALSE,0,1,0,TRUE,FALSE,FALSE
"1_c2","1","c2","B=0",1,0.0161290322580645,0,0.125,-Inf,-Inf,-Inf,-Inf,-Inf,-Inf,-Inf,-Inf,-Inf,-Inf,TRUE,0,1,0,FALSE,TRUE,TRUE
"1_c2","1","c2","B=1",8,0.129032258064516,0,0.125,-Inf,-Inf,-Inf,-Inf,-Inf,0,0,0,0,0,FALSE,0,1,0,TRUE,TRUE,FALSE
"1_c2","1","c2","Bu=0",12,0.193548387096774,0,0.125,0.5,0,0.5,0,1,0.5,0,0.5,0,1,TRUE,0,1,0,TRUE,FALSE,FALSE
"1_c2","1","c2","Bu=1",1,0.0161290322580645,0,0.125,-Inf,-Inf,-Inf,-Inf,-Inf,0,0,0,0,0,FALSE,0,1,0,TRUE,FALSE,FALSE
"1_c3","1","c3","A=0",1,0.0125,0,0.125,-Inf,-Inf,-Inf,-Inf,-Inf,-Inf,-Inf,-Inf,-Inf,-Inf,TRUE,1,0,0,FALSE,TRUE,TRUE
"1_c3","1","c3","A=1",8,0.1,0,0.125,-Inf,-Inf,-Inf,-Inf,-Inf,0,0,0,0,0,FALSE,1,0,0,TRUE,TRUE,FALSE
"1_c3","1","c3","Au=0",12,0.15,0,0.125,0.5,0,0.5,0,1,0.5,0,0.5,0,1,TRUE,1,0,0,TRUE,FALSE,FALSE
"1_c3","1","c3","Au=1",1,0.0125,0,0.125,-Inf,-Inf,-Inf,-Inf,-Inf,0,0,0,0,0,FALSE,1,0,0,TRUE,FALSE,FALSE
"1_c3","1","c3","B=0",41,0.5125,0,0.125,0.4,0.25,0.625,0.25,1,0.4,0.25,0.625,0.25,1,TRUE,1,0,0,TRUE,TRUE,TRUE
"1_c3","1","c3","B=1",5,0.0625,0,0.125,-Inf,-Inf,-Inf,-Inf,-Inf,-Inf,-Inf,-Inf,-Inf,-Inf,FALSE,1,0,0,FALSE,TRUE,FALSE
"1_c3","1","c3","Bu=0",5,0.0625,0,0.125,0.5,0,0.5,0,1,0.5,0,0.5,0,1,TRUE,1,0,0,TRUE,FALSE,FALSE
"1_c3","1","c3","Bu=1",7,0.0875,0,0.125,-Inf,-Inf,-Inf,-Inf,-Inf,0,0,0,0,0,FALSE,1,0,0,TRUE,FALSE,FALSE
"1_c4","1","c4","A=0",2,0.0277777777777778,0,0.125,-Inf,-Inf,-Inf,-Inf,-Inf,-Inf,-Inf,-Inf,-Inf,-Inf,TRUE,1,1,0,FALSE,TRUE,TRUE
"1_c4","1","c4","A=1",6,0.0833333333333333,0,0.125,-Inf,-Inf,-Inf,-Inf,-Inf,0,0,0,0,0,FALSE,1,1,0,TRUE,TRUE,FALSE
"1_c4","1","c4","Au=0",18,0.25,0.11,0.125,0.666666666666667,0.333333333333333,0.666666666666667,0.333333333333333,1,0.666666666666667,0.333333333333333,0.666666666666667,0.333333333333333,1,TRUE,1,1,0,TRUE,FALSE,FALSE
"1_c4","1","c4","Au=1",2,0.0277777777777778,-0.028,0.125,-Inf,-Inf,-Inf,-Inf,-Inf,0.166666666666667,0,0.166666666666667,0,0.333333333333333,FALSE,1,1,0,TRUE,FALSE,FALSE
"1_c4","1","c4","B=0",0,0,0,0.125,-Inf,-Inf,-Inf,-Inf,-Inf,-Inf,-Inf,-Inf,-Inf,-Inf,TRUE,1,1,0,FALSE,TRUE,TRUE
"1_c4","1","c4","B=1",12,0.166666666666667,0,0.125,-Inf,-Inf,-Inf,-Inf,-Inf,0,0,0,0,0,FALSE,1,1,0,TRUE,TRUE,FALSE
"1_c4","1","c4","Bu=0",26,0.361111111111111,0.11,0.125,0.666666666666667,0.333333333333333,0.666666666666667,0.333333333333333,1,0.666666666666667,0.333333333333333,0.666666666666667,0.333333333333333,1,TRUE,1,1,0,TRUE,FALSE,FALSE
"1_c4","1","c4","Bu=1",6,0.0833333333333333,-0.028,0.125,-Inf,-Inf,-Inf,-Inf,-Inf,0.166666666666667,0,0.166666666666667,0,0.333333333333333,FALSE,1,1,0,TRUE,FALSE,FALSE
"1_c5","1","c5","A=0",0,0,0,0.125,-Inf,-Inf,-Inf,-Inf,-Inf,-Inf,-Inf,-Inf,-Inf,-Inf,FALSE,1,1,1,FALSE,TRUE,FALSE
"1_c5","1","c5","A=1",13,0.228070175438596,0,0.125,1,1,1,1,1,1,1,1,1,1,TRUE,1,1,1,TRUE,TRUE,TRUE
"1_c5","1","c5","Au=0",1,0.0175438596491228,0.5,0.125,-Inf,-Inf,-Inf,-Inf,-Inf,0.5,0,0.5,0,1,FALSE,1,1,1,TRUE,FALSE,FALSE
"1_c5","1","c5","Au=1",23,0.403508771929825,0.5,0.125,1,1,1,1,1,1,1,1,1,1,TRUE,1,1,1,TRUE,FALSE,TRUE
"1_c5","1","c5","B=0",0,0,0,0.125,-Inf,-Inf,-Inf,-Inf,-Inf,-Inf,-Inf,-Inf,-Inf,-Inf,FALSE,1,1,1,FALSE,TRUE,FALSE
"1_c5","1","c5","B=1",4,0.0701754385964912,0,0.125,1,1,1,1,1,1,1,1,1,1,TRUE,1,1,1,TRUE,TRUE,TRUE
"1_c5","1","c5","Bu=0",1,0.0175438596491228,0.5,0.125,-Inf,-Inf,-Inf,-Inf,-Inf,0.5,0,0.5,0,1,FALSE,1,1,1,TRUE,FALSE,FALSE
"1_c5","1","c5","Bu=1",15,0.263157894736842,0.5,0.125,1,1,1,1,1,1,1,1,1,1,TRUE,1,1,1,TRUE,FALSE,TRUE
"1_d1","1","d1","A=0",16,0.205128205128205,0,0.125,0.95,0.5,0.75,0.5,1,0.95,0.5,0.75,0.5,1,TRUE,0,0,0,TRUE,TRUE,TRUE
"1_d1","1","d1","A=1",1,0.0128205128205128,0,0.125,-Inf,-Inf,-Inf,-Inf,-Inf,-Inf,-Inf,-Inf,-Inf,-Inf,FALSE,0,0,0,FALSE,TRUE,FALSE
"1_d1","1","d1","Au=0",2,0.0256410256410256,0,0.125,0.5,0,0.5,0,1,0.5,0,0.5,0,1,TRUE,0,0,0,TRUE,FALSE,FALSE
"1_d1","1","d1","Au=1",4,0.0512820512820513,0,0.125,-Inf,-Inf,-Inf,-Inf,-Inf,0,0,0,0,0,FALSE,0,0,0,TRUE,FALSE,FALSE
"1_d1","1","d1","B=0",36,0.461538461538462,0,0.125,0.6,0.5,0.75,0.5,1,0.6,0.5,0.75,0.5,1,TRUE,0,0,0,TRUE,TRUE,TRUE
"1_d1","1","d1","B=1",4,0.0512820512820513,0,0.125,-Inf,-Inf,-Inf,-Inf,-Inf,-Inf,-Inf,-Inf,-Inf,-Inf,FALSE,0,0,0,FALSE,TRUE,FALSE
"1_d1","1","d1","Bu=0",11,0.141025641025641,0,0.125,0.5,0,0.5,0,1,0.5,0,0.5,0,1,TRUE,0,0,0,TRUE,FALSE,FALSE
"1_d1","1","d1","Bu=1",4,0.0512820512820513,0,0.125,-Inf,-Inf,-Inf,-Inf,-Inf,0,0,0,0,0,FALSE,0,0,0,TRUE,FALSE,FALSE
"1_d2","1","d2","A=0",13,0.178082191780822,0,0.125,0.95,0.5,0.75,0.5,1,0.95,0.5,0.75,0.5,1,TRUE,0,1,0,TRUE,TRUE,TRUE
"1_d2","1","d2","A=1",1,0.0136986301369863,0,0.125,-Inf,-Inf,-Inf,-Inf,-Inf,-Inf,-Inf,-Inf,-Inf,-Inf,FALSE,0,1,0,FALSE,TRUE,FALSE
"1_d2","1","d2","Au=0",3,0.0410958904109589,0,0.125,0.5,0,0.5,0,1,0.5,0,0.5,0,1,TRUE,0,1,0,TRUE,FALSE,FALSE
"1_d2","1","d2","Au=1",2,0.0273972602739726,0,0.125,-Inf,-Inf,-Inf,-Inf,-Inf,0,0,0,0,0,FALSE,0,1,0,TRUE,FALSE,FALSE
"1_d2","1","d2","B=0",6,0.0821917808219178,0,0.125,-Inf,-Inf,-Inf,-Inf,-Inf,-Inf,-Inf,-Inf,-Inf,-Inf,TRUE,0,1,0,FALSE,TRUE,TRUE
"1_d2","1","d2","B=1",13,0.178082191780822,0,0.125,-Inf,-Inf,-Inf,-Inf,-Inf,0,0,0,0,0,FALSE,0,1,0,TRUE,TRUE,FALSE
"1_d2","1","d2","Bu=0",28,0.383561643835616,0.5,0.125,1,1,1,1,1,1,1,1,1,1,TRUE,0,1,0,TRUE,FALSE,TRUE
"1_d2","1","d2","Bu=1",7,0.0958904109589041,0.5,0.125,-Inf,-Inf,-Inf,-Inf,-Inf,0.5,0,0.5,0,1,FALSE,0,1,0,TRUE,FALSE,FALSE
"1_d3","1","d3","A=0",3,0.0434782608695652,0,0.125,-Inf,-Inf,-Inf,-Inf,-Inf,0,0,0,0,0,FALSE,0,1,1,TRUE,TRUE,FALSE
"1_d3","1","d3","A=1",5,0.072463768115942,0,0.125,-Inf,-Inf,-Inf,-Inf,-Inf,-Inf,-Inf,-Inf,-Inf,-Inf,TRUE,0,1,1,FALSE,TRUE,TRUE
"1_d3","1","d3","Au=0",3,0.0434782608695652,0,0.125,-Inf,-Inf,-Inf,-Inf,-Inf,0,0,0,0,0,FALSE,0,1,1,TRUE,FALSE,FALSE
"1_d3","1","d3","Au=1",2,0.0289855072463768,0,0.125,-Inf,-Inf,-Inf,-Inf,-Inf,0,0,0,0,0,FALSE,0,1,1,TRUE,FALSE,FALSE
"1_d3","1","d3","B=0",1,0.0144927536231884,0,0.125,-Inf,-Inf,-Inf,-Inf,-Inf,-Inf,-Inf,-Inf,-Inf,-Inf,FALSE,0,1,1,FALSE,TRUE,FALSE
"1_d3","1","d3","B=1",9,0.130434782608696,0,0.125,1,1,1,1,1,1,1,1,1,1,TRUE,0,1,1,TRUE,TRUE,TRUE
"1_d3","1","d3","Bu=0",1,0.0144927536231884,0.5,0.125,-Inf,-Inf,-Inf,-Inf,-Inf,0.5,0,0.5,0,1,FALSE,0,1,1,TRUE,FALSE,FALSE
"1_d3","1","d3","Bu=1",45,0.652173913043478,0.5,0.125,1,1,1,1,1,1,1,1,1,1,TRUE,0,1,1,TRUE,FALSE,TRUE
"1_d4","1","d4","A=0",1,0.015625,0,0.125,-Inf,-Inf,-Inf,-Inf,-Inf,-Inf,-Inf,-Inf,-Inf,-Inf,TRUE,1,0,0,FALSE,TRUE,TRUE
"1_d4","1","d4","A=1",10,0.15625,0,0.125,-Inf,-Inf,-Inf,-Inf,-Inf,0,0,0,0,0,FALSE,1,0,0,TRUE,TRUE,FALSE
"1_d4","1","d4","Au=0",28,0.4375,0.5,0.125,1,1,1,1,1,1,1,1,1,1,TRUE,1,0,0,TRUE,FALSE,TRUE
"1_d4","1","d4","Au=1",4,0.0625,0.5,0.125,-Inf,-Inf,-Inf,-Inf,-Inf,0.5,0,0.5,0,1,FALSE,1,0,0,TRUE,FALSE,FALSE
"1_d4","1","d4","B=0",14,0.21875,0,0.125,0.6,0.5,0.75,0.5,1,0.6,0.5,0.75,0.5,1,TRUE,1,0,0,TRUE,TRUE,TRUE
"1_d4","1","d4","B=1",0,0,0,0.125,-Inf,-Inf,-Inf,-Inf,-Inf,-Inf,-Inf,-Inf,-Inf,-Inf,FALSE,1,0,0,FALSE,TRUE,FALSE
"1_d4","1","d4","Bu=0",3,0.046875,0,0.125,0.5,0,0.5,0,1,0.5,0,0.5,0,1,TRUE,1,0,0,TRUE,FALSE,FALSE
"1_d4","1","d4","Bu=1",4,0.0625,0,0.125,-Inf,-Inf,-Inf,-Inf,-Inf,0,0,0,0,0,FALSE,1,0,0,TRUE,FALSE,FALSE
"1_d5","1","d5","A=0",0,0,0,0.125,-Inf,-Inf,-Inf,-Inf,-Inf,-Inf,-Inf,-Inf,-Inf,-Inf,FALSE,1,0,1,FALSE,TRUE,FALSE
"1_d5","1","d5","A=1",9,0.147540983606557,0,0.125,1,1,1,1,1,1,1,1,1,1,TRUE,1,0,1,TRUE,TRUE,TRUE
"1_d5","1","d5","Au=0",1,0.0163934426229508,0.5,0.125,-Inf,-Inf,-Inf,-Inf,-Inf,0.5,0,0.5,0,1,FALSE,1,0,1,TRUE,FALSE,FALSE
"1_d5","1","d5","Au=1",37,0.60655737704918,0.5,0.125,1,1,1,1,1,1,1,1,1,1,TRUE,1,0,1,TRUE,FALSE,TRUE
"1_d5","1","d5","B=0",6,0.0983606557377049,0,0.125,-Inf,-Inf,-Inf,-Inf,-Inf,0,0,0,0,0,FALSE,1,0,1,TRUE,TRUE,FALSE
"1_d5","1","d5","B=1",3,0.0491803278688525,0,0.125,-Inf,-Inf,-Inf,-Inf,-Inf,-Inf,-Inf,-Inf,-Inf,-Inf,TRUE,1,0,1,FALSE,TRUE,TRUE
"1_d5","1","d5","Bu=0",2,0.0327868852459016,0,0.125,-Inf,-Inf,-Inf,-Inf,-Inf,0,0,0,0,0,FALSE,1,0,1,TRUE,FALSE,FALSE
"1_d5","1","d5","Bu=1",3,0.0491803278688525,0,0.125,-Inf,-Inf,-Inf,-Inf,-Inf,0,0,0,0,0,FALSE,1,0,1,TRUE,FALSE,FALSE
"1_d6","1","d6","A=0",2,0.03125,0,0.125,-Inf,-Inf,-Inf,-Inf,-Inf,-Inf,-Inf,-Inf,-Inf,-Inf,TRUE,1,1,0,FALSE,TRUE,TRUE
"1_d6","1","d6","A=1",4,0.0625,0,0.125,-Inf,-Inf,-Inf,-Inf,-Inf,0,0,0,0,0,FALSE,1,1,0,TRUE,TRUE,FALSE
"1_d6","1","d6","Au=0",14,0.21875,0.5,0.125,1,1,1,1,1,1,1,1,1,1,TRUE,1,1,0,TRUE,FALSE,TRUE
"1_d6","1","d6","Au=1",1,0.015625,0.5,0.125,-Inf,-Inf,-Inf,-Inf,-Inf,0.5,0,0.5,0,1,FALSE,1,1,0,TRUE,FALSE,FALSE
"1_d6","1","d6","B=0",4,0.0625,0,0.125,-Inf,-Inf,-Inf,-Inf,-Inf,-Inf,-Inf,-Inf,-Inf,-Inf,TRUE,1,1,0,FALSE,TRUE,TRUE
"1_d6","1","d6","B=1",6,0.09375,0,0.125,-Inf,-Inf,-Inf,-Inf,-Inf,0,0,0,0,0,FALSE,1,1,0,TRUE,TRUE,FALSE
"1_d6","1","d6","Bu=0",33,0.515625,0.5,0.125,1,1,1,1,1,1,1,1,1,1,TRUE,1,1,0,TRUE,FALSE,TRUE
"1_d6","1","d6","Bu=1",0,0,0.5,0.125,-Inf,-Inf,-Inf,-Inf,-Inf,0.5,0,0.5,0,1,FALSE,1,1,0,TRUE,FALSE,FALSE
"1_d7","1","d7","A=0",2,0.0294117647058824,0,0.125,-Inf,-Inf,-Inf,-Inf,-Inf,-Inf,-Inf,-Inf,-Inf,-Inf,FALSE,1,1,1,FALSE,TRUE,FALSE
"1_d7","1","d7","A=1",10,0.147058823529412,0,0.125,0.366666666666667,0.222222222222222,0.5,0.333333333333333,0.666666666666667,0.366666666666667,0.222222222222222,0.5,0.333333333333333,0.666666666666667,TRUE,1,1,1,TRUE,TRUE,TRUE
"1_d7","1","d7","Au=0",1,0.0147058823529412,-0.028,0.125,-Inf,-Inf,-Inf,-Inf,-Inf,0.166666666666667,0,0.166666666666667,0,0.333333333333333,FALSE,1,1,1,TRUE,FALSE,FALSE
"1_d7","1","d7","Au=1",15,0.220588235294118,0.11,0.125,0.666666666666667,0.333333333333333,0.666666666666667,0.333333333333333,1,0.666666666666667,0.333333333333333,0.666666666666667,0.333333333333333,1,TRUE,1,1,1,TRUE,FALSE,FALSE
"1_d7","1","d7","B=0",1,0.0147058823529412,0,0.125,-Inf,-Inf,-Inf,-Inf,-Inf,-Inf,-Inf,-Inf,-Inf,-Inf,FALSE,1,1,1,FALSE,TRUE,FALSE
"1_d7","1","d7","B=1",11,0.161764705882353,0,0.125,0.6,0.222222222222222,0.5,0.333333333333333,0.666666666666667,0.6,0.222222222222222,0.5,0.333333333333333,0.666666666666667,TRUE,1,1,1,TRUE,TRUE,TRUE
"1_d7","1","d7","Bu=0",2,0.0294117647058824,-0.028,0.125,-Inf,-Inf,-Inf,-Inf,-Inf,0.166666666666667,0,0.166666666666667,0,0.333333333333333,FALSE,1,1,1,TRUE,FALSE,FALSE
"1_d7","1","d7","Bu=1",26,0.382352941176471,0.11,0.125,0.666666666666667,0.333333333333333,0.666666666666667,0.333333333333333,1,0.666666666666667,0.333333333333333,0.666666666666667,0.333333333333333,1,TRUE,1,1,1,TRUE,FALSE,FALSE
"2_c1","2","c1","A=0",16,0.231884057971014,0,0.125,0.5,0,0.5,0,1,0.5,0,0.5,0,1,TRUE,0,0,0,TRUE,TRUE,TRUE
"2_c1","2","c1","A=1",0,0,0,0.125,-Inf,-Inf,-Inf,-Inf,-Inf,-Inf,-Inf,-Inf,-Inf,-Inf,FALSE,0,0,0,FALSE,TRUE,FALSE
"2_c1","2","c1","Au=0",8,0.115942028985507,0,0.125,0.9,0,0.5,0,1,0.9,0,0.5,0,1,TRUE,0,0,0,TRUE,FALSE,FALSE
"2_c1","2","c1","Au=1",4,0.0579710144927536,0,0.125,-Inf,-Inf,-Inf,-Inf,-Inf,0,0,0,0,0,FALSE,0,0,0,TRUE,FALSE,FALSE
"2_c1","2","c1","B=0",25,0.36231884057971,0,0.125,0.5,0,0.5,0,1,0.5,0,0.5,0,1,TRUE,0,0,0,TRUE,TRUE,TRUE
"2_c1","2","c1","B=1",0,0,0,0.125,-Inf,-Inf,-Inf,-Inf,-Inf,-Inf,-Inf,-Inf,-Inf,-Inf,FALSE,0,0,0,FALSE,TRUE,FALSE
"2_c1","2","c1","Bu=0",8,0.115942028985507,0,0.125,0.2,0,0.5,0,1,0.2,0,0.5,0,1,TRUE,0,0,0,TRUE,FALSE,FALSE
"2_c1","2","c1","Bu=1",8,0.115942028985507,0,0.125,-Inf,-Inf,-Inf,-Inf,-Inf,0,0,0,0,0,FALSE,0,0,0,TRUE,FALSE,FALSE
"2_c2","2","c2","A=0",37,0.486842105263158,0,0.125,0.54,0.08,0.54,0.08,1,0.54,0.08,0.54,0.08,1,TRUE,0,1,0,TRUE,TRUE,TRUE
"2_c2","2","c2","A=1",4,0.0526315789473684,0,0.125,-Inf,-Inf,-Inf,-Inf,-Inf,-Inf,-Inf,-Inf,-Inf,-Inf,FALSE,0,1,0,FALSE,TRUE,FALSE
"2_c2","2","c2","Au=0",6,0.0789473684210526,0,0.125,0.9,0,0.5,0,1,0.9,0,0.5,0,1,TRUE,0,1,0,TRUE,FALSE,FALSE
"2_c2","2","c2","Au=1",7,0.0921052631578947,0,0.125,-Inf,-Inf,-Inf,-Inf,-Inf,0,0,0,0,0,FALSE,0,1,0,TRUE,FALSE,FALSE
"2_c2","2","c2","B=0",0,0,0,0.125,-Inf,-Inf,-Inf,-Inf,-Inf,-Inf,-Inf,-Inf,-Inf,-Inf,TRUE,0,1,0,FALSE,TRUE,TRUE
"2_c2","2","c2","B=1",7,0.0921052631578947,0,0.125,-Inf,-Inf,-Inf,-Inf,-Inf,0,0,0,0,0,FALSE,0,1,0,TRUE,TRUE,FALSE
"2_c2","2","c2","Bu=0",10,0.131578947368421,0,0.125,0.2,0,0.5,0,1,0.2,0,0.5,0,1,TRUE,0,1,0,TRUE,FALSE,FALSE
"2_c2","2","c2","Bu=1",5,0.0657894736842105,0,0.125,-Inf,-Inf,-Inf,-Inf,-Inf,0,0,0,0,0,FALSE,0,1,0,TRUE,FALSE,FALSE
"2_c3","2","c3","A=0",1,0.0133333333333333,0,0.125,-Inf,-Inf,-Inf,-Inf,-Inf,-Inf,-Inf,-Inf,-Inf,-Inf,TRUE,1,0,0,FALSE,TRUE,TRUE
"2_c3","2","c3","A=1",7,0.0933333333333333,0,0.125,-Inf,-Inf,-Inf,-Inf,-Inf,0,0,0,0,0,FALSE,1,0,0,TRUE,TRUE,FALSE
"2_c3","2","c3","Au=0",19,0.253333333333333,0,0.125,0.9,0,0.5,0,1,0.9,0,0.5,0,1,TRUE,1,0,0,TRUE,FALSE,FALSE
"2_c3","2","c3","Au=1",3,0.04,0,0.125,-Inf,-Inf,-Inf,-Inf,-Inf,0,0,0,0,0,FALSE,1,0,0,TRUE,FALSE,FALSE
"2_c3","2","c3","B=0",33,0.44,0,0.125,0.54,0.08,0.54,0.08,1,0.54,0.08,0.54,0.08,1,TRUE,1,0,0,TRUE,TRUE,TRUE
"2_c3","2","c3","B=1",2,0.0266666666666667,0,0.125,-Inf,-Inf,-Inf,-Inf,-Inf,-Inf,-Inf,-Inf,-Inf,-Inf,FALSE,1,0,0,FALSE,TRUE,FALSE
"2_c3","2","c3","Bu=0",3,0.04,0,0.125,0.2,0,0.5,0,1,0.2,0,0.5,0,1,TRUE,1,0,0,TRUE,FALSE,FALSE
"2_c3","2","c3","Bu=1",7,0.0933333333333333,0,0.125,-Inf,-Inf,-Inf,-Inf,-Inf,0,0,0,0,0,FALSE,1,0,0,TRUE,FALSE,FALSE
"2_c4","2","c4","A=0",2,0.0303030303030303,0,0.125,-Inf,-Inf,-Inf,-Inf,-Inf,-Inf,-Inf,-Inf,-Inf,-Inf,TRUE,1,1,0,FALSE,TRUE,TRUE
"2_c4","2","c4","A=1",8,0.121212121212121,0,0.125,-Inf,-Inf,-Inf,-Inf,-Inf,0,0,0,0,0,FALSE,1,1,0,TRUE,TRUE,FALSE
"2_c4","2","c4","Au=0",32,0.484848484848485,0.106,0.125,0.978260869565217,0.782608695652174,0.891304347826087,0.782608695652174,1,0.978260869565217,0.782608695652174,0.891304347826087,0.782608695652174,1,TRUE,1,1,0,TRUE,FALSE,FALSE
"2_c4","2","c4","Au=1",2,0.0303030303030303,0.212,0.125,-Inf,-Inf,-Inf,-Inf,-Inf,0.0782608695652174,0,0.391304347826087,0,0.782608695652174,FALSE,1,1,0,TRUE,FALSE,FALSE
"2_c4","2","c4","B=0",1,0.0151515151515152,0,0.125,-Inf,-Inf,-Inf,-Inf,-Inf,-Inf,-Inf,-Inf,-Inf,-Inf,TRUE,1,1,0,FALSE,TRUE,TRUE
"2_c4","2","c4","B=1",4,0.0606060606060606,0,0.125,-Inf,-Inf,-Inf,-Inf,-Inf,0,0,0,0,0,FALSE,1,1,0,TRUE,TRUE,FALSE
"2_c4","2","c4","Bu=0",11,0.166666666666667,-0.015,0.125,0.217391304347826,0.0217391304347826,0.510869565217391,0.0217391304347826,1,0.217391304347826,0.0217391304347826,0.510869565217391,0.0217391304347826,1,TRUE,1,1,0,TRUE,FALSE,FALSE
"2_c4","2","c4","Bu=1",6,0.0909090909090909,-0.019,0.125,-Inf,-Inf,-Inf,-Inf,-Inf,0.0173913043478261,0,0.0108695652173913,0,0.0217391304347826,FALSE,1,1,0,TRUE,FALSE,FALSE
"2_c5","2","c5","A=0",1,0.0119047619047619,0,0.125,-Inf,-Inf,-Inf,-Inf,-Inf,-Inf,-Inf,-Inf,-Inf,-Inf,FALSE,1,1,1,FALSE,TRUE,FALSE
"2_c5","2","c5","A=1",8,0.0952380952380952,0,0.125,1,1,1,1,1,1,1,1,1,1,TRUE,1,1,1,TRUE,TRUE,TRUE
"2_c5","2","c5","Au=0",2,0.0238095238095238,0.137,0.125,-Inf,-Inf,-Inf,-Inf,-Inf,0.9,0,0.5,0,1,FALSE,1,1,1,TRUE,FALSE,FALSE
"2_c5","2","c5","Au=1",29,0.345238095238095,0.332,0.125,1,1,1,1,1,1,1,1,1,1,TRUE,1,1,1,TRUE,FALSE,TRUE
"2_c5","2","c5","B=0",1,0.0119047619047619,0,0.125,-Inf,-Inf,-Inf,-Inf,-Inf,-Inf,-Inf,-Inf,-Inf,-Inf,FALSE,1,1,1,FALSE,TRUE,FALSE
"2_c5","2","c5","B=1",13,0.154761904761905,0,0.125,1,1,1,1,1,1,1,1,1,1,TRUE,1,1,1,TRUE,TRUE,TRUE
"2_c5","2","c5","Bu=0",1,0.0119047619047619,0.464,0.125,-Inf,-Inf,-Inf,-Inf,-Inf,0.2,0,0.5,0,1,FALSE,1,1,1,TRUE,FALSE,FALSE
"2_c5","2","c5","Bu=1",29,0.345238095238095,0.258,0.125,1,1,1,1,1,1,1,1,1,1,TRUE,1,1,1,TRUE,FALSE,TRUE
"2_d1","2","d1","A=0",9,0.140625,0,0.125,0.55,0.1,0.55,0.1,1,0.55,0.1,0.55,0.1,1,TRUE,0,0,0,TRUE,TRUE,TRUE
"2_d1","2","d1","A=1",3,0.046875,0,0.125,-Inf,-Inf,-Inf,-Inf,-Inf,-Inf,-Inf,-Inf,-Inf,-Inf,FALSE,0,0,0,FALSE,TRUE,FALSE
"2_d1","2","d1","Au=0",8,0.125,0,0.125,0.9,0,0.5,0,1,0.9,0,0.5,0,1,TRUE,0,0,0,TRUE,FALSE,FALSE
"2_d1","2","d1","Au=1",2,0.03125,0,0.125,-Inf,-Inf,-Inf,-Inf,-Inf,0,0,0,0,0,FALSE,0,0,0,TRUE,FALSE,FALSE
"2_d1","2","d1","B=0",32,0.5,0,0.125,0.9,0.8,0.9,0.8,1,0.9,0.8,0.9,0.8,1,TRUE,0,0,0,TRUE,TRUE,TRUE
"2_d1","2","d1","B=1",1,0.015625,0,0.125,-Inf,-Inf,-Inf,-Inf,-Inf,-Inf,-Inf,-Inf,-Inf,-Inf,FALSE,0,0,0,FALSE,TRUE,FALSE
"2_d1","2","d1","Bu=0",4,0.0625,0,0.125,0.2,0,0.5,0,1,0.2,0,0.5,0,1,TRUE,0,0,0,TRUE,FALSE,FALSE
"2_d1","2","d1","Bu=1",5,0.078125,0,0.125,-Inf,-Inf,-Inf,-Inf,-Inf,0,0,0,0,0,FALSE,0,0,0,TRUE,FALSE,FALSE
"2_d2","2","d2","A=0",15,0.208333333333333,0,0.125,0.55,0.1,0.55,0.1,1,0.55,0.1,0.55,0.1,1,TRUE,0,1,0,TRUE,TRUE,TRUE
"2_d2","2","d2","A=1",0,0,0,0.125,-Inf,-Inf,-Inf,-Inf,-Inf,-Inf,-Inf,-Inf,-Inf,-Inf,FALSE,0,1,0,FALSE,TRUE,FALSE
"2_d2","2","d2","Au=0",1,0.0138888888888889,0,0.125,0.9,0,0.5,0,1,0.9,0,0.5,0,1,TRUE,0,1,0,TRUE,FALSE,FALSE
"2_d2","2","d2","Au=1",3,0.0416666666666667,0,0.125,-Inf,-Inf,-Inf,-Inf,-Inf,0,0,0,0,0,FALSE,0,1,0,TRUE,FALSE,FALSE
"2_d2","2","d2","B=0",2,0.0277777777777778,0,0.125,-Inf,-Inf,-Inf,-Inf,-Inf,-Inf,-Inf,-Inf,-Inf,-Inf,TRUE,0,1,0,FALSE,TRUE,TRUE
"2_d2","2","d2","B=1",7,0.0972222222222222,0,0.125,-Inf,-Inf,-Inf,-Inf,-Inf,0,0,0,0,0,FALSE,0,1,0,TRUE,TRUE,FALSE
"2_d2","2","d2","Bu=0",38,0.527777777777778,0.464,0.125,1,1,1,1,1,1,1,1,1,1,TRUE,0,1,0,TRUE,FALSE,TRUE
"2_d2","2","d2","Bu=1",6,0.0833333333333333,0.258,0.125,-Inf,-Inf,-Inf,-Inf,-Inf,0.8,0,0.5,0,1,FALSE,0,1,0,TRUE,FALSE,FALSE
"2_d3","2","d3","A=0",4,0.0597014925373134,0,0.125,-Inf,-Inf,-Inf,-Inf,-Inf,0,0,0,0,0,FALSE,0,1,1,TRUE,TRUE,FALSE
"2_d3","2","d3","A=1",2,0.0298507462686567,0,0.125,-Inf,-Inf,-Inf,-Inf,-Inf,-Inf,-Inf,-Inf,-Inf,-Inf,TRUE,0,1,1,FALSE,TRUE,TRUE
"2_d3","2","d3","Au=0",2,0.0298507462686567,0,0.125,-Inf,-Inf,-Inf,-Inf,-Inf,0,0,0,0,0,FALSE,0,1,1,TRUE,FALSE,FALSE
"2_d3","2","d3","Au=1",3,0.0447761194029851,0,0.125,-Inf,-Inf,-Inf,-Inf,-Inf,0,0,0,0,0,FALSE,0,1,1,TRUE,FALSE,FALSE
"2_d3","2","d3","B=0",0,0,0,0.125,-Inf,-Inf,-Inf,-Inf,-Inf,-Inf,-Inf,-Inf,-Inf,-Inf,FALSE,0,1,1,FALSE,TRUE,FALSE
"2_d3","2","d3","B=1",11,0.164179104477612,0,0.125,1,1,1,1,1,1,1,1,1,1,TRUE,0,1,1,TRUE,TRUE,TRUE
"2_d3","2","d3","Bu=0",2,0.0298507462686567,0.464,0.125,-Inf,-Inf,-Inf,-Inf,-Inf,0.2,0,0.5,0,1,FALSE,0,1,1,TRUE,FALSE,FALSE
"2_d3","2","d3","Bu=1",43,0.641791044776119,0.258,0.125,1,1,1,1,1,1,1,1,1,1,TRUE,0,1,1,TRUE,FALSE,TRUE
"2_d4","2","d4","A=0",2,0.0246913580246914,0,0.125,-Inf,-Inf,-Inf,-Inf,-Inf,-Inf,-Inf,-Inf,-Inf,-Inf,TRUE,1,0,0,FALSE,TRUE,TRUE
"2_d4","2","d4","A=1",8,0.0987654320987654,0,0.125,-Inf,-Inf,-Inf,-Inf,-Inf,0,0,0,0,0,FALSE,1,0,0,TRUE,TRUE,FALSE
"2_d4","2","d4","Au=0",34,0.419753086419753,0.137,0.125,1,1,1,1,1,1,1,1,1,1,TRUE,1,0,0,TRUE,FALSE,TRUE
"2_d4","2","d4","Au=1",5,0.0617283950617284,0.332,0.125,-Inf,-Inf,-Inf,-Inf,-Inf,0.1,0,0.5,0,1,FALSE,1,0,0,TRUE,FALSE,FALSE
"2_d4","2","d4","B=0",21,0.259259259259259,0,0.125,0.9,0.8,0.9,0.8,1,0.9,0.8,0.9,0.8,1,TRUE,1,0,0,TRUE,TRUE,TRUE
"2_d4","2","d4","B=1",0,0,0,0.125,-Inf,-Inf,-Inf,-Inf,-Inf,-Inf,-Inf,-Inf,-Inf,-Inf,FALSE,1,0,0,FALSE,TRUE,FALSE
"2_d4","2","d4","Bu=0",2,0.0246913580246914,0,0.125,0.2,0,0.5,0,1,0.2,0,0.5,0,1,TRUE,1,0,0,TRUE,FALSE,FALSE
"2_d4","2","d4","Bu=1",9,0.111111111111111,0,0.125,-Inf,-Inf,-Inf,-Inf,-Inf,0,0,0,0,0,FALSE,1,0,0,TRUE,FALSE,FALSE
"2_d5","2","d5","A=0",0,0,0,0.125,-Inf,-Inf,-Inf,-Inf,-Inf,-Inf,-Inf,-Inf,-Inf,-Inf,FALSE,1,0,1,FALSE,TRUE,FALSE
"2_d5","2","d5","A=1",14,0.191780821917808,0,0.125,1,1,1,1,1,1,1,1,1,1,TRUE,1,0,1,TRUE,TRUE,TRUE
"2_d5","2","d5","Au=0",2,0.0273972602739726,0.137,0.125,-Inf,-Inf,-Inf,-Inf,-Inf,0.9,0,0.5,0,1,FALSE,1,0,1,TRUE,FALSE,FALSE
"2_d5","2","d5","Au=1",36,0.493150684931507,0.332,0.125,1,1,1,1,1,1,1,1,1,1,TRUE,1,0,1,TRUE,FALSE,TRUE
"2_d5","2","d5","B=0",10,0.136986301369863,0,0.125,-Inf,-Inf,-Inf,-Inf,-Inf,0,0,0,0,0,FALSE,1,0,1,TRUE,TRUE,FALSE
"2_d5","2","d5","B=1",3,0.0410958904109589,0,0.125,-Inf,-Inf,-Inf,-Inf,-Inf,-Inf,-Inf,-Inf,-Inf,-Inf,TRUE,1,0,1,FALSE,TRUE,TRUE
"2_d5","2","d5","Bu=0",4,0.0547945205479452,0,0.125,-Inf,-Inf,-Inf,-Inf,-Inf,0,0,0,0,0,FALSE,1,0,1,TRUE,FALSE,FALSE
"2_d5","2","d5","Bu=1",4,0.0547945205479452,0,0.125,-Inf,-Inf,-Inf,-Inf,-Inf,0,0,0,0,0,FALSE,1,0,1,TRUE,FALSE,FALSE
"2_d6","2","d6","A=0",2,0.0294117647058824,0,0.125,-Inf,-Inf,-Inf,-Inf,-Inf,-Inf,-Inf,-Inf,-Inf,-Inf,TRUE,1,1,0,FALSE,TRUE,TRUE
"2_d6","2","d6","A=1",6,0.0882352941176471,0,0.125,-Inf,-Inf,-Inf,-Inf,-Inf,0,0,0,0,0,FALSE,1,1,0,TRUE,TRUE,FALSE
"2_d6","2","d6","Au=0",19,0.279411764705882,0.137,0.125,1,1,1,1,1,1,1,1,1,1,TRUE,1,1,0,TRUE,FALSE,TRUE
"2_d6","2","d6","Au=1",1,0.0147058823529412,0.332,0.125,-Inf,-Inf,-Inf,-Inf,-Inf,0.1,0,0.5,0,1,FALSE,1,1,0,TRUE,FALSE,FALSE
"2_d6","2","d6","B=0",4,0.0588235294117647,0,0.125,-Inf,-Inf,-Inf,-Inf,-Inf,-Inf,-Inf,-Inf,-Inf,-Inf,TRUE,1,1,0,FALSE,TRUE,TRUE
"2_d6","2","d6","B=1",6,0.0882352941176471,0,0.125,-Inf,-Inf,-Inf,-Inf,-Inf,0,0,0,0,0,FALSE,1,1,0,TRUE,TRUE,FALSE
"2_d6","2","d6","Bu=0",26,0.382352941176471,0.464,0.125,1,1,1,1,1,1,1,1,1,1,TRUE,1,1,0,TRUE,FALSE,TRUE
"2_d6","2","d6","Bu=1",4,0.0588235294117647,0.258,0.125,-Inf,-Inf,-Inf,-Inf,-Inf,0.8,0,0.5,0,1,FALSE,1,1,0,TRUE,FALSE,FALSE
"2_d7","2","d7","A=0",1,0.0138888888888889,0,0.125,-Inf,-Inf,-Inf,-Inf,-Inf,-Inf,-Inf,-Inf,-Inf,-Inf,FALSE,1,1,1,FALSE,TRUE,FALSE
"2_d7","2","d7","A=1",7,0.0972222222222222,0,0.125,0.0731707317073171,0.00297441998810232,0.0731707317073171,0.024390243902439,0.121951219512195,0.0731707317073171,0.00297441998810232,0.0731707317073171,0.024390243902439,0.121951219512195,TRUE,1,1,1,TRUE,TRUE,TRUE
"2_d7","2","d7","Au=0",3,0.0416666666666667,-0.028,0.125,-Inf,-Inf,-Inf,-Inf,-Inf,0.0219512195121951,0,0.0121951219512195,0,0.024390243902439,FALSE,1,1,1,TRUE,FALSE,FALSE
"2_d7","2","d7","Au=1",10,0.138888888888889,-0.038,0.125,0.121951219512195,0.024390243902439,0.51219512195122,0.024390243902439,1,0.121951219512195,0.024390243902439,0.51219512195122,0.024390243902439,1,TRUE,1,1,1,TRUE,FALSE,FALSE
"2_d7","2","d7","B=0",1,0.0138888888888889,0,0.125,-Inf,-Inf,-Inf,-Inf,-Inf,-Inf,-Inf,-Inf,-Inf,-Inf,FALSE,1,1,1,FALSE,TRUE,FALSE
"2_d7","2","d7","B=1",14,0.194444444444444,0,0.125,0.926829268292683,0.856632956573468,0.926829268292683,0.878048780487805,0.975609756097561,0.926829268292683,0.856632956573468,0.926829268292683,0.878048780487805,0.975609756097561,TRUE,1,1,1,TRUE,TRUE,TRUE
"2_d7","2","d7","Bu=0",1,0.0138888888888889,0.333,0.125,-Inf,-Inf,-Inf,-Inf,-Inf,0.175609756097561,0,0.439024390243902,0,0.878048780487805,FALSE,1,1,1,TRUE,FALSE,FALSE
"2_d7","2","d7","Bu=1",35,0.486111111111111,0.223,0.125,0.975609756097561,0.878048780487805,0.939024390243902,0.878048780487805,1,0.975609756097561,0.878048780487805,0.939024390243902,0.878048780487805,1,TRUE,1,1,1,TRUE,FALSE,FALSE
"3_c1","3","c1","A=0",23,0.306666666666667,0,0.125,0.9,0,0.5,0,1,0.9,0,0.5,0,1,TRUE,0,0,0,TRUE,TRUE,TRUE
"3_c1","3","c1","A=1",0,0,0,0.125,-Inf,-Inf,-Inf,-Inf,-Inf,-Inf,-Inf,-Inf,-Inf,-Inf,FALSE,0,0,0,FALSE,TRUE,FALSE
"3_c1","3","c1","Au=0",3,0.04,0,0.125,0.3,0,0.5,0,1,0.3,0,0.5,0,1,TRUE,0,0,0,TRUE,FALSE,FALSE
"3_c1","3","c1","Au=1",5,0.0666666666666667,0,0.125,-Inf,-Inf,-Inf,-Inf,-Inf,0,0,0,0,0,FALSE,0,0,0,TRUE,FALSE,FALSE
"3_c1","3","c1","B=0",24,0.32,0,0.125,0.2,0,0.5,0,1,0.2,0,0.5,0,1,TRUE,0,0,0,TRUE,TRUE,TRUE
"3_c1","3","c1","B=1",7,0.0933333333333333,0,0.125,-Inf,-Inf,-Inf,-Inf,-Inf,-Inf,-Inf,-Inf,-Inf,-Inf,FALSE,0,0,0,FALSE,TRUE,FALSE
"3_c1","3","c1","Bu=0",7,0.0933333333333333,0,0.125,0.5,0,0.5,0,1,0.5,0,0.5,0,1,TRUE,0,0,0,TRUE,FALSE,FALSE
"3_c1","3","c1","Bu=1",6,0.08,0,0.125,-Inf,-Inf,-Inf,-Inf,-Inf,0,0,0,0,0,FALSE,0,0,0,TRUE,FALSE,FALSE
"3_c2","3","c2","A=0",34,0.557377049180328,0,0.125,0.935,0.35,0.675,0.35,1,0.935,0.35,0.675,0.35,1,TRUE,0,1,0,TRUE,TRUE,TRUE
"3_c2","3","c2","A=1",2,0.0327868852459016,0,0.125,-Inf,-Inf,-Inf,-Inf,-Inf,-Inf,-Inf,-Inf,-Inf,-Inf,FALSE,0,1,0,FALSE,TRUE,FALSE
"3_c2","3","c2","Au=0",4,0.0655737704918033,0,0.125,0.3,0,0.5,0,1,0.3,0,0.5,0,1,TRUE,0,1,0,TRUE,FALSE,FALSE
"3_c2","3","c2","Au=1",3,0.0491803278688525,0,0.125,-Inf,-Inf,-Inf,-Inf,-Inf,0,0,0,0,0,FALSE,0,1,0,TRUE,FALSE,FALSE
"3_c2","3","c2","B=0",0,0,0,0.125,-Inf,-Inf,-Inf,-Inf,-Inf,-Inf,-Inf,-Inf,-Inf,-Inf,TRUE,0,1,0,FALSE,TRUE,TRUE
"3_c2","3","c2","B=1",9,0.147540983606557,0,0.125,-Inf,-Inf,-Inf,-Inf,-Inf,0,0,0,0,0,FALSE,0,1,0,TRUE,TRUE,FALSE
"3_c2","3","c2","Bu=0",6,0.0983606557377049,0,0.125,0.5,0,0.5,0,1,0.5,0,0.5,0,1,TRUE,0,1,0,TRUE,FALSE,FALSE
"3_c2","3","c2","Bu=1",3,0.0491803278688525,0,0.125,-Inf,-Inf,-Inf,-Inf,-Inf,0,0,0,0,0,FALSE,0,1,0,TRUE,FALSE,FALSE
"3_c3","3","c3","A=0",6,0.0789473684210526,0,0.125,-Inf,-Inf,-Inf,-Inf,-Inf,-Inf,-Inf,-Inf,-Inf,-Inf,TRUE,1,0,0,FALSE,TRUE,TRUE
"3_c3","3","c3","A=1",10,0.131578947368421,0,0.125,-Inf,-Inf,-Inf,-Inf,-Inf,0,0,0,0,0,FALSE,1,0,0,TRUE,TRUE,FALSE
"3_c3","3","c3","Au=0",10,0.131578947368421,0,0.125,0.3,0,0.5,0,1,0.3,0,0.5,0,1,TRUE,1,0,0,TRUE,FALSE,FALSE
"3_c3","3","c3","Au=1",8,0.105263157894737,0,0.125,-Inf,-Inf,-Inf,-Inf,-Inf,0,0,0,0,0,FALSE,1,0,0,TRUE,FALSE,FALSE
"3_c3","3","c3","B=0",31,0.407894736842105,0,0.125,0.48,0.35,0.675,0.35,1,0.48,0.35,0.675,0.35,1,TRUE,1,0,0,TRUE,TRUE,TRUE
"3_c3","3","c3","B=1",2,0.0263157894736842,0,0.125,-Inf,-Inf,-Inf,-Inf,-Inf,-Inf,-Inf,-Inf,-Inf,-Inf,FALSE,1,0,0,FALSE,TRUE,FALSE
"3_c3","3","c3","Bu=0",5,0.0657894736842105,0,0.125,0.5,0,0.5,0,1,0.5,0,0.5,0,1,TRUE,1,0,0,TRUE,FALSE,FALSE
"3_c3","3","c3","Bu=1",4,0.0526315789473684,0,0.125,-Inf,-Inf,-Inf,-Inf,-Inf,0,0,0,0,0,FALSE,1,0,0,TRUE,FALSE,FALSE
"3_c4","3","c4","A=0",5,0.0649350649350649,0,0.125,-Inf,-Inf,-Inf,-Inf,-Inf,-Inf,-Inf,-Inf,-Inf,-Inf,TRUE,1,1,0,FALSE,TRUE,TRUE
"3_c4","3","c4","A=1",6,0.0779220779220779,0,0.125,-Inf,-Inf,-Inf,-Inf,-Inf,0,0,0,0,0,FALSE,1,1,0,TRUE,TRUE,FALSE
"3_c4","3","c4","Au=0",12,0.155844155844156,0.006,0.125,0.461538461538462,0.230769230769231,0.615384615384615,0.230769230769231,1,0.461538461538462,0.230769230769231,0.615384615384615,0.230769230769231,1,TRUE,1,1,0,TRUE,FALSE,FALSE
"3_c4","3","c4","Au=1",4,0.051948051948052,-0.121,0.125,-Inf,-Inf,-Inf,-Inf,-Inf,0.161538461538462,0,0.115384615384615,0,0.230769230769231,FALSE,1,1,0,TRUE,FALSE,FALSE
"3_c4","3","c4","B=0",0,0,0,0.125,-Inf,-Inf,-Inf,-Inf,-Inf,-Inf,-Inf,-Inf,-Inf,-Inf,TRUE,1,1,0,FALSE,TRUE,TRUE
"3_c4","3","c4","B=1",10,0.12987012987013,0,0.125,-Inf,-Inf,-Inf,-Inf,-Inf,0,0,0,0,0,FALSE,1,1,0,TRUE,TRUE,FALSE
"3_c4","3","c4","Bu=0",36,0.467532467532468,0.209,0.125,0.769230769230769,0.538461538461538,0.769230769230769,0.538461538461538,1,0.769230769230769,0.538461538461538,0.769230769230769,0.538461538461538,1,TRUE,1,1,0,TRUE,FALSE,FALSE
"3_c4","3","c4","Bu=1",4,0.051948051948052,0.012,0.125,-Inf,-Inf,-Inf,-Inf,-Inf,0.269230769230769,0,0.269230769230769,0,0.538461538461538,FALSE,1,1,0,TRUE,FALSE,FALSE
"3_c5","3","c5","A=0",0,0,0,0.125,-Inf,-Inf,-Inf,-Inf,-Inf,-Inf,-Inf,-Inf,-Inf,-Inf,FALSE,1,1,1,FALSE,TRUE,FALSE
"3_c5","3","c5","A=1",11,0.148648648648649,0,0.125,1,1,1,1,1,1,1,1,1,1,TRUE,1,1,1,TRUE,TRUE,TRUE
"3_c5","3","c5","Au=0",1,0.0135135135135135,0.521,0.125,-Inf,-Inf,-Inf,-Inf,-Inf,0.3,0,0.5,0,1,FALSE,1,1,1,TRUE,FALSE,FALSE
"3_c5","3","c5","Au=1",22,0.297297297297297,0.36,0.125,1,1,1,1,1,1,1,1,1,1,TRUE,1,1,1,TRUE,FALSE,TRUE
"3_c5","3","c5","B=0",1,0.0135135135135135,0,0.125,-Inf,-Inf,-Inf,-Inf,-Inf,-Inf,-Inf,-Inf,-Inf,-Inf,FALSE,1,1,1,FALSE,TRUE,FALSE
"3_c5","3","c5","B=1",12,0.162162162162162,0,0.125,1,1,1,1,1,1,1,1,1,1,TRUE,1,1,1,TRUE,TRUE,TRUE
"3_c5","3","c5","Bu=0",2,0.027027027027027,0.5,0.125,-Inf,-Inf,-Inf,-Inf,-Inf,0.5,0,0.5,0,1,FALSE,1,1,1,TRUE,FALSE,FALSE
"3_c5","3","c5","Bu=1",25,0.337837837837838,0.5,0.125,1,1,1,1,1,1,1,1,1,1,TRUE,1,1,1,TRUE,FALSE,TRUE
"3_d1","3","d1","A=0",17,0.232876712328767,0,0.125,0.97,0.7,0.85,0.7,1,0.97,0.7,0.85,0.7,1,TRUE,0,0,0,TRUE,TRUE,TRUE
"3_d1","3","d1","A=1",1,0.0136986301369863,0,0.125,-Inf,-Inf,-Inf,-Inf,-Inf,-Inf,-Inf,-Inf,-Inf,-Inf,FALSE,0,0,0,FALSE,TRUE,FALSE
"3_d1","3","d1","Au=0",4,0.0547945205479452,0,0.125,0.3,0,0.5,0,1,0.3,0,0.5,0,1,TRUE,0,0,0,TRUE,FALSE,FALSE
"3_d1","3","d1","Au=1",4,0.0547945205479452,0,0.125,-Inf,-Inf,-Inf,-Inf,-Inf,0,0,0,0,0,FALSE,0,0,0,TRUE,FALSE,FALSE
"3_d1","3","d1","B=0",24,0.328767123287671,0,0.125,0.6,0.5,0.75,0.5,1,0.6,0.5,0.75,0.5,1,TRUE,0,0,0,TRUE,TRUE,TRUE
"3_d1","3","d1","B=1",9,0.123287671232877,0,0.125,-Inf,-Inf,-Inf,-Inf,-Inf,-Inf,-Inf,-Inf,-Inf,-Inf,FALSE,0,0,0,FALSE,TRUE,FALSE
"3_d1","3","d1","Bu=0",12,0.164383561643836,0,0.125,0.5,0,0.5,0,1,0.5,0,0.5,0,1,TRUE,0,0,0,TRUE,FALSE,FALSE
"3_d1","3","d1","Bu=1",2,0.0273972602739726,0,0.125,-Inf,-Inf,-Inf,-Inf,-Inf,0,0,0,0,0,FALSE,0,0,0,TRUE,FALSE,FALSE
"3_d2","3","d2","A=0",13,0.183098591549296,0,0.125,0.97,0.7,0.85,0.7,1,0.97,0.7,0.85,0.7,1,TRUE,0,1,0,TRUE,TRUE,TRUE
"3_d2","3","d2","A=1",1,0.0140845070422535,0,0.125,-Inf,-Inf,-Inf,-Inf,-Inf,-Inf,-Inf,-Inf,-Inf,-Inf,FALSE,0,1,0,FALSE,TRUE,FALSE
"3_d2","3","d2","Au=0",6,0.0845070422535211,0,0.125,0.3,0,0.5,0,1,0.3,0,0.5,0,1,TRUE,0,1,0,TRUE,FALSE,FALSE
"3_d2","3","d2","Au=1",8,0.112676056338028,0,0.125,-Inf,-Inf,-Inf,-Inf,-Inf,0,0,0,0,0,FALSE,0,1,0,TRUE,FALSE,FALSE
"3_d2","3","d2","B=0",2,0.028169014084507,0,0.125,-Inf,-Inf,-Inf,-Inf,-Inf,-Inf,-Inf,-Inf,-Inf,-Inf,TRUE,0,1,0,FALSE,TRUE,TRUE
"3_d2","3","d2","B=1",7,0.0985915492957746,0,0.125,-Inf,-Inf,-Inf,-Inf,-Inf,0,0,0,0,0,FALSE,0,1,0,TRUE,TRUE,FALSE
"3_d2","3","d2","Bu=0",30,0.422535211267606,0.5,0.125,1,1,1,1,1,1,1,1,1,1,TRUE,0,1,0,TRUE,FALSE,TRUE
"3_d2","3","d2","Bu=1",4,0.0563380281690141,0.5,0.125,-Inf,-Inf,-Inf,-Inf,-Inf,0.5,0,0.5,0,1,FALSE,0,1,0,TRUE,FALSE,FALSE
"3_d3","3","d3","A=0",10,0.119047619047619,0,0.125,-Inf,-Inf,-Inf,-Inf,-Inf,0,0,0,0,0,FALSE,0,1,1,TRUE,TRUE,FALSE
"3_d3","3","d3","A=1",0,0,0,0.125,-Inf,-Inf,-Inf,-Inf,-Inf,-Inf,-Inf,-Inf,-Inf,-Inf,TRUE,0,1,1,FALSE,TRUE,TRUE
"3_d3","3","d3","Au=0",2,0.0238095238095238,0,0.125,-Inf,-Inf,-Inf,-Inf,-Inf,0,0,0,0,0,FALSE,0,1,1,TRUE,FALSE,FALSE
"3_d3","3","d3","Au=1",1,0.0119047619047619,0,0.125,-Inf,-Inf,-Inf,-Inf,-Inf,0,0,0,0,0,FALSE,0,1,1,TRUE,FALSE,FALSE
"3_d3","3","d3","B=0",0,0,0,0.125,-Inf,-Inf,-Inf,-Inf,-Inf,-Inf,-Inf,-Inf,-Inf,-Inf,FALSE,0,1,1,FALSE,TRUE,FALSE
"3_d3","3","d3","B=1",26,0.30952380952381,0,0.125,1,1,1,1,1,1,1,1,1,1,TRUE,0,1,1,TRUE,TRUE,TRUE
"3_d3","3","d3","Bu=0",1,0.0119047619047619,0.5,0.125,-Inf,-Inf,-Inf,-Inf,-Inf,0.5,0,0.5,0,1,FALSE,0,1,1,TRUE,FALSE,FALSE
"3_d3","3","d3","Bu=1",44,0.523809523809524,0.5,0.125,1,1,1,1,1,1,1,1,1,1,TRUE,0,1,1,TRUE,FALSE,TRUE
"3_d4","3","d4","A=0",3,0.0434782608695652,0,0.125,-Inf,-Inf,-Inf,-Inf,-Inf,-Inf,-Inf,-Inf,-Inf,-Inf,TRUE,1,0,0,FALSE,TRUE,TRUE
"3_d4","3","d4","A=1",6,0.0869565217391304,0,0.125,-Inf,-Inf,-Inf,-Inf,-Inf,0,0,0,0,0,FALSE,1,0,0,TRUE,TRUE,FALSE
"3_d4","3","d4","Au=0",36,0.521739130434783,0.521,0.125,1,1,1,1,1,1,1,1,1,1,TRUE,1,0,0,TRUE,FALSE,TRUE
"3_d4","3","d4","Au=1",1,0.0144927536231884,0.36,0.125,-Inf,-Inf,-Inf,-Inf,-Inf,0.7,0,0.5,0,1,FALSE,1,0,0,TRUE,FALSE,FALSE
"3_d4","3","d4","B=0",12,0.173913043478261,0,0.125,0.6,0.5,0.75,0.5,1,0.6,0.5,0.75,0.5,1,TRUE,1,0,0,TRUE,TRUE,TRUE
"3_d4","3","d4","B=1",5,0.072463768115942,0,0.125,-Inf,-Inf,-Inf,-Inf,-Inf,-Inf,-Inf,-Inf,-Inf,-Inf,FALSE,1,0,0,FALSE,TRUE,FALSE
"3_d4","3","d4","Bu=0",2,0.0289855072463768,0,0.125,0.5,0,0.5,0,1,0.5,0,0.5,0,1,TRUE,1,0,0,TRUE,FALSE,FALSE
"3_d4","3","d4","Bu=1",4,0.0579710144927536,0,0.125,-Inf,-Inf,-Inf,-Inf,-Inf,0,0,0,0,0,FALSE,1,0,0,TRUE,FALSE,FALSE
"3_d5","3","d5","A=0",0,0,0,0.125,-Inf,-Inf,-Inf,-Inf,-Inf,-Inf,-Inf,-Inf,-Inf,-Inf,FALSE,1,0,1,FALSE,TRUE,FALSE
"3_d5","3","d5","A=1",17,0.223684210526316,0,0.125,1,1,1,1,1,1,1,1,1,1,TRUE,1,0,1,TRUE,TRUE,TRUE
"3_d5","3","d5","Au=0",1,0.0131578947368421,0.521,0.125,-Inf,-Inf,-Inf,-Inf,-Inf,0.3,0,0.5,0,1,FALSE,1,0,1,TRUE,FALSE,FALSE
"3_d5","3","d5","Au=1",39,0.513157894736842,0.36,0.125,1,1,1,1,1,1,1,1,1,1,TRUE,1,0,1,TRUE,FALSE,TRUE
"3_d5","3","d5","B=0",6,0.0789473684210526,0,0.125,-Inf,-Inf,-Inf,-Inf,-Inf,0,0,0,0,0,FALSE,1,0,1,TRUE,TRUE,FALSE
"3_d5","3","d5","B=1",5,0.0657894736842105,0,0.125,-Inf,-Inf,-Inf,-Inf,-Inf,-Inf,-Inf,-Inf,-Inf,-Inf,TRUE,1,0,1,FALSE,TRUE,TRUE
"3_d5","3","d5","Bu=0",5,0.0657894736842105,0,0.125,-Inf,-Inf,-Inf,-Inf,-Inf,0,0,0,0,0,FALSE,1,0,1,TRUE,FALSE,FALSE
"3_d5","3","d5","Bu=1",3,0.0394736842105263,0,0.125,-Inf,-Inf,-Inf,-Inf,-Inf,0,0,0,0,0,FALSE,1,0,1,TRUE,FALSE,FALSE
"3_d6","3","d6","A=0",4,0.0481927710843374,0,0.125,-Inf,-Inf,-Inf,-Inf,-Inf,-Inf,-Inf,-Inf,-Inf,-Inf,TRUE,1,1,0,FALSE,TRUE,TRUE
"3_d6","3","d6","A=1",8,0.0963855421686747,0,0.125,-Inf,-Inf,-Inf,-Inf,-Inf,0,0,0,0,0,FALSE,1,1,0,TRUE,TRUE,FALSE
"3_d6","3","d6","Au=0",17,0.204819277108434,0.521,0.125,1,1,1,1,1,1,1,1,1,1,TRUE,1,1,0,TRUE,FALSE,TRUE
"3_d6","3","d6","Au=1",1,0.0120481927710843,0.36,0.125,-Inf,-Inf,-Inf,-Inf,-Inf,0.7,0,0.5,0,1,FALSE,1,1,0,TRUE,FALSE,FALSE
"3_d6","3","d6","B=0",2,0.0240963855421687,0,0.125,-Inf,-Inf,-Inf,-Inf,-Inf,-Inf,-Inf,-Inf,-Inf,-Inf,TRUE,1,1,0,FALSE,TRUE,TRUE
"3_d6","3","d6","B=1",7,0.0843373493975904,0,0.125,-Inf,-Inf,-Inf,-Inf,-Inf,0,0,0,0,0,FALSE,1,1,0,TRUE,TRUE,FALSE
"3_d6","3","d6","Bu=0",40,0.481927710843373,0.5,0.125,1,1,1,1,1,1,1,1,1,1,TRUE,1,1,0,TRUE,FALSE,TRUE
"3_d6","3","d6","Bu=1",4,0.0481927710843374,0.5,0.125,-Inf,-Inf,-Inf,-Inf,-Inf,0.5,0,0.5,0,1,FALSE,1,1,0,TRUE,FALSE,FALSE
"3_d7","3","d7","A=0",1,0.0133333333333333,0,0.125,-Inf,-Inf,-Inf,-Inf,-Inf,-Inf,-Inf,-Inf,-Inf,-Inf,FALSE,1,1,1,FALSE,TRUE,FALSE
"3_d7","3","d7","A=1",22,0.293333333333333,0,0.125,0.452941176470588,0.339100346020761,0.61764705882353,0.411764705882353,0.823529411764706,0.452941176470588,0.339100346020761,0.61764705882353,0.411764705882353,0.823529411764706,TRUE,1,1,1,TRUE,TRUE,TRUE
"3_d7","3","d7","Au=0",0,0,0.079,0.125,-Inf,-Inf,-Inf,-Inf,-Inf,0.123529411764706,0,0.205882352941176,0,0.411764705882353,FALSE,1,1,1,TRUE,FALSE,FALSE
"3_d7","3","d7","Au=1",20,0.266666666666667,0.129,0.125,0.823529411764706,0.411764705882353,0.705882352941176,0.411764705882353,1,0.823529411764706,0.411764705882353,0.705882352941176,0.411764705882353,1,TRUE,1,1,1,TRUE,FALSE,FALSE
"3_d7","3","d7","B=0",0,0,0,0.125,-Inf,-Inf,-Inf,-Inf,-Inf,-Inf,-Inf,-Inf,-Inf,-Inf,FALSE,1,1,1,FALSE,TRUE,FALSE
"3_d7","3","d7","B=1",9,0.12,0,0.125,0.505882352941176,0.103806228373702,0.382352941176471,0.176470588235294,0.588235294117647,0.505882352941176,0.103806228373702,0.382352941176471,0.176470588235294,0.588235294117647,TRUE,1,1,1,TRUE,TRUE,TRUE
"3_d7","3","d7","Bu=0",4,0.0533333333333333,-0.027,0.125,-Inf,-Inf,-Inf,-Inf,-Inf,0.0882352941176471,0,0.0882352941176471,0,0.176470588235294,FALSE,1,1,1,TRUE,FALSE,FALSE
"3_d7","3","d7","Bu=1",19,0.253333333333333,0.05,0.125,0.588235294117647,0.176470588235294,0.588235294117647,0.176470588235294,1,0.588235294117647,0.176470588235294,0.588235294117647,0.176470588235294,1,TRUE,1,1,1,TRUE,FALSE,FALSE
